symbol,name,index_name,board
000001,平安银行,hs300,main
000002,万科A,hs300,main
000063,中兴通讯,hs300,main
000100,TCL科技,hs300,main
000157,中联重科,hs300,main
000166,申万宏源,hs300,main
000301,东方盛虹,hs300,main
000333,美的集团,hs300,main
000338,潍柴动力,hs300,main
000408,藏格矿业,hs300,main
000425,徐工机械,hs300,main
000538,云南白药,hs300,main
000568,泸州老窖,hs300,main
000596,古井贡酒,hs300,main
000617,中油资本,hs300,main
000625,长安汽车,hs300,main
000630,铜陵有色,hs300,main
000651,格力电器,hs300,main
000661,长春高新,hs300,main
000708,中信特钢,hs300,main
000725,京东方A,hs300,main
000768,中航西飞,hs300,main
000776,广发证券,hs300,main
000786,北新建材,hs300,main
000792,盐湖股份,hs300,main
000807,云铝股份,hs300,main
000858,五 粮 液,hs300,main
000876,新 希 望,hs300,main
000895,双汇发展,hs300,main
000938,紫光股份,hs300,main
000963,华东医药,hs300,main
000975,山金国际,hs300,main
000977,浪潮信息,hs300,main
000983,山西焦煤,hs300,main
000999,华润三九,hs300,main
001391,国货航,hs300,main
001965,招商公路,hs300,main
001979,招商蛇口,hs300,main
002001,新和成,hs300,main
002027,分众传媒,hs300,main
002028,思源电气,hs300,main
002049,紫光国微,hs300,main
002050,三花智控,hs300,main
002074,国轩高科,hs300,main
002142,宁波银行,hs300,main
002179,中航光电,hs300,main
002230,科大讯飞,hs300,main
002236,大华股份,hs300,main
002241,歌尔股份,hs300,main
002252,上海莱士,hs300,main
002304,洋河股份,hs300,main
002311,海大集团,hs300,main
002352,顺丰控股,hs300,main
002371,北方华创,hs300,main
002384,东山精密,hs300,main
002415,海康威视,hs300,main
002422,科伦药业,hs300,main
002459,晶澳科技,hs300,main
002460,赣锋锂业,hs300,main
002463,沪电股份,hs300,main
002466,天齐锂业,hs300,main
002475,立讯精密,hs300,main
002493,荣盛石化,hs300,main
002594,比亚迪,hs300,main
002600,领益智造,hs300,main
002601,龙佰集团,hs300,main
002625,光启技术,hs300,main
002648,卫星化学,hs300,main
002709,天赐材料,hs300,main
002714,牧原股份,hs300,main
002736,国信证券,hs300,main
002916,深南电路,hs300,main
002920,德赛西威,hs300,main
002938,鹏鼎控股,hs300,main
003816,中国广核,hs300,main
300014,亿纬锂能,hs300,chinext
300015,爱尔眼科,hs300,chinext
300033,同花顺,hs300,chinext
300059,东方财富,hs300,chinext
300122,智飞生物,hs300,chinext
300124,汇川技术,hs300,chinext
300251,光线传媒,hs300,chinext
300274,阳光电源,hs300,chinext
300308,中际旭创,hs300,chinext
300316,晶盛机电,hs300,chinext
300347,泰格医药,hs300,chinext
300394,天孚通信,hs300,chinext
300408,三环集团,hs300,chinext
300413,芒果超媒,hs300,chinext
300418,昆仑万维,hs300,chinext
300433,蓝思科技,hs300,chinext
300442,润泽科技,hs300,chinext
300476,胜宏科技,hs300,chinext
300498,温氏股份,hs300,chinext
300502,新易盛,hs300,chinext
300628,亿联网络,hs300,chinext
300661,圣邦股份,hs300,chinext
300750,宁德时代,hs300,chinext
300759,康龙化成,hs300,chinext
300760,迈瑞医疗,hs300,chinext
300782,卓胜微,hs300,chinext
300803,指南针,hs300,chinext
300832,新产业,hs300,chinext
300866,安克创新,hs300,chinext
300896,爱美客,hs300,chinext
300979,华利集团,hs300,chinext
300999,金龙鱼,hs300,chinext
301236,软通动力,hs300,chinext
301269,华大九天,hs300,chinext
302132,中航成飞,hs300,
600000,浦发银行,hs300,main
600009,上海机场,hs300,main
600010,包钢股份,hs300,main
600011,华能国际,hs300,main
600015,华夏银行,hs300,main
600016,民生银行,hs300,main
600018,上港集团,hs300,main
600019,宝钢股份,hs300,main
600023,浙能电力,hs300,main
600025,华能水电,hs300,main
600026,中远海能,hs300,main
600027,华电国际,hs300,main
600028,中国石化,hs300,main
600029,南方航空,hs300,main
600030,中信证券,hs300,main
600031,三一重工,hs300,main
600036,招商银行,hs300,main
600039,四川路桥,hs300,main
600048,保利发展,hs300,main
600050,中国联通,hs300,main
600061,国投资本,hs300,main
600066,宇通客车,hs300,main
600085,同仁堂,hs300,main
600089,特变电工,hs300,main
600104,上汽集团,hs300,main
600111,北方稀土,hs300,main
600115,中国东航,hs300,main
600150,中国船舶,hs300,main
600160,巨化股份,hs300,main
600161,天坛生物,hs300,main
600176,中国巨石,hs300,main
600183,生益科技,hs300,main
600188,兖矿能源,hs300,main
600196,复星医药,hs300,main
600219,南山铝业,hs300,main
600233,圆通速递,hs300,main
600276,恒瑞医药,hs300,main
600309,万华化学,hs300,main
600346,恒力石化,hs300,main
600362,江西铜业,hs300,main
600372,中航机载,hs300,main
600377,宁沪高速,hs300,main
600406,国电南瑞,hs300,main
600415,小商品城,hs300,main
600426,华鲁恒升,hs300,main
600436,片仔癀,hs300,main
600438,通威股份,hs300,main
600460,士兰微,hs300,main
600482,中国动力,hs300,main
600489,中金黄金,hs300,main
600515,海南机场,hs300,main
600519,贵州茅台,hs300,main
600522,中天科技,hs300,main
600547,山东黄金,hs300,main
600570,恒生电子,hs300,main
600584,长电科技,hs300,main
600585,海螺水泥,hs300,main
600588,用友网络,hs300,main
600600,青岛啤酒,hs300,main
600660,福耀玻璃,hs300,main
600674,川投能源,hs300,main
600690,海尔智家,hs300,main
600741,华域汽车,hs300,main
600760,中航沈飞,hs300,main
600795,国电电力,hs300,main
600803,新奥股份,hs300,main
600809,山西汾酒,hs300,main
600845,宝信软件,hs300,main
600875,东方电气,hs300,main
600886,国投电力,hs300,main
600887,伊利股份,hs300,main
600893,航发动力,hs300,main
600900,长江电力,hs300,main
600905,三峡能源,hs300,main
600918,中泰证券,hs300,main
600919,江苏银行,hs300,main
600926,杭州银行,hs300,main
600930,华电新能,hs300,main
600938,中国海油,hs300,main
600941,中国移动,hs300,main
600958,东方证券,hs300,main
600989,宝丰能源,hs300,main
600999,招商证券,hs300,main
601006,大秦铁路,hs300,main
601009,南京银行,hs300,main
601012,隆基绿能,hs300,main
601018,宁波港,hs300,main
601021,春秋航空,hs300,main
601058,赛轮轮胎,hs300,main
601059,信达证券,hs300,main
601066,中信建投,hs300,main
601077,渝农商行,hs300,main
601088,中国神华,hs300,main
601100,恒立液压,hs300,main
601111,中国国航,hs300,main
601117,中国化学,hs300,main
601127,赛力斯,hs300,main
601136,首创证券,hs300,main
601138,工业富联,hs300,main
601166,兴业银行,hs300,main
601169,北京银行,hs300,main
601186,中国铁建,hs300,main
601211,国泰海通,hs300,main
601225,陕西煤业,hs300,main
601229,上海银行,hs300,main
601236,红塔证券,hs300,main
601238,广汽集团,hs300,main
601288,农业银行,hs300,main
601298,青岛港,hs300,main
601318,中国平安,hs300,main
601319,中国人保,hs300,main
601328,交通银行,hs300,main
601336,新华保险,hs300,main
601360,三六零,hs300,main
601377,兴业证券,hs300,main
601390,中国中铁,hs300,main
601398,工商银行,hs300,main
601456,国联民生,hs300,main
601600,中国铝业,hs300,main
601601,中国太保,hs300,main
601607,上海医药,hs300,main
601618,中国中冶,hs300,main
601628,中国人寿,hs300,main
601633,长城汽车,hs300,main
601658,邮储银行,hs300,main
601668,中国建筑,hs300,main
601669,中国电建,hs300,main
601688,华泰证券,hs300,main
601689,拓普集团,hs300,main
601698,中国卫通,hs300,main
601728,中国电信,hs300,main
601766,中国中车,hs300,main
601788,光大证券,hs300,main
601800,中国交建,hs300,main
601808,中海油服,hs300,main
601816,京沪高铁,hs300,main
601818,光大银行,hs300,main
601825,沪农商行,hs300,main
601838,成都银行,hs300,main
601857,中国石油,hs300,main
601868,中国能建,hs300,main
601872,招商轮船,hs300,main
601877,正泰电器,hs300,main
601878,浙商证券,hs300,main
601881,中国银河,hs300,main
601888,中国中免,hs300,main
601898,中煤能源,hs300,main
601899,紫金矿业,hs300,main
601901,方正证券,hs300,main
601916,浙商银行,hs300,main
601919,中远海控,hs300,main
601939,建设银行,hs300,main
601985,中国核电,hs300,main
601988,中国银行,hs300,main
601995,中金公司,hs300,main
601998,中信银行,hs300,main
603019,中科曙光,hs300,main
603195,公牛集团,hs300,main
603259,药明康德,hs300,main
603260,合盛硅业,hs300,main
603288,海天味业,hs300,main
603296,华勤技术,hs300,main
603369,今世缘,hs300,main
603392,万泰生物,hs300,main
603501,豪威集团,hs300,main
603799,华友钴业,hs300,main
603893,瑞芯微,hs300,main
603986,兆易创新,hs300,main
603993,洛阳钼业,hs300,main
605117,德业股份,hs300,main
605499,东鹏饮料,hs300,main
688008,澜起科技,hs300,star
688009,中国通号,hs300,star
688012,中微公司,hs300,star
688036,传音控股,hs300,star
688041,海光信息,hs300,star
688047,龙芯中科,hs300,star
688082,盛美上海,hs300,star
688111,金山办公,hs300,star
688126,沪硅产业,hs300,star
688169,石头科技,hs300,star
688187,时代电气,hs300,star
688223,晶科能源,hs300,star
688256,寒武纪,hs300,star
688271,联影医疗,hs300,star
688303,大全能源,hs300,star
688396,华润微,hs300,star
688472,阿特斯,hs300,star
688506,百利天恒,hs300,star
688981,中芯国际,hs300,star
000009,中国宝安,zz500,main
000021,深科技,zz500,main
000027,深圳能源,zz500,main
000032,深桑达A,zz500,main
000034,神州数码,zz500,main
000039,中集集团,zz500,main
000050,深天马A,zz500,main
000060,中金岭南,zz500,main
000062,深圳华强,zz500,main
000088,盐田港,zz500,main
000155,川能动力,zz500,main
000400,许继电气,zz500,main
000415,渤海租赁,zz500,main
000423,东阿阿胶,zz500,main
000426,兴业银锡,zz500,main
000429,粤高速A,zz500,main
000513,丽珠集团,zz500,main
000519,中兵红箭,zz500,main
000528,柳工,zz500,main
000537,绿发电力,zz500,main
000539,粤电力A,zz500,main
000559,万向钱潮,zz500,main
000563,陕国投A,zz500,main
000582,北部湾港,zz500,main
000591,太阳能,zz500,main
000598,兴蓉环境,zz500,main
000623,吉林敖东,zz500,main
000629,钒钛股份,zz500,main
000657,中钨高新,zz500,main
000683,博源化工,zz500,main
000703,恒逸石化,zz500,main
000709,河钢股份,zz500,main
000723,美锦能源,zz500,main
000728,国元证券,zz500,main
000729,燕京啤酒,zz500,main
000733,振华科技,zz500,main
000738,航发控制,zz500,main
000739,普洛药业,zz500,main
000750,国海证券,zz500,main
000783,长江证券,zz500,main
000785,居然智家,zz500,main
000825,太钢不锈,zz500,main
000830,鲁西化工,zz500,main
000831,中国稀土,zz500,main
000878,云南铜业,zz500,main
000883,湖北能源,zz500,main
000887,中鼎股份,zz500,main
000893,亚钾国际,zz500,main
000898,鞍钢股份,zz500,main
000921,海信家电,zz500,main
000932,华菱钢铁,zz500,main
000933,神火股份,zz500,main
000937,冀中能源,zz500,main
000951,中国重汽,zz500,main
000958,电投产融,zz500,main
000959,首钢股份,zz500,main
000960,锡业股份,zz500,main
000967,盈峰环境,zz500,main
000987,越秀资本,zz500,main
000997,新 大 陆,zz500,main
001213,中铁特货,zz500,main
001221,悍高集团,zz500,main
001286,陕西能源,zz500,main
001389,广合科技,zz500,main
001696,宗申动力,zz500,main
002007,华兰生物,zz500,main
002008,大族激光,zz500,main
002025,航天电器,zz500,main
002032,苏泊尔,zz500,main
002044,美年健康,zz500,main
002056,横店东磁,zz500,main
002064,华峰化学,zz500,main
002065,东华软件,zz500,main
002078,太阳纸业,zz500,main
002080,中材科技,zz500,main
002085,万丰奥威,zz500,main
002120,韵达股份,zz500,main
002126,银轮股份,zz500,main
002128,电投能源,zz500,main
002130,沃尔核材,zz500,main
002131,利欧股份,zz500,main
002138,顺络电子,zz500,main
002152,广电运通,zz500,main
002153,石基信息,zz500,main
002155,湖南黄金,zz500,main
002156,通富微电,zz500,main
002157,正邦科技,zz500,main
002185,华天科技,zz500,main
002195,岩山科技,zz500,main
002202,金风科技,zz500,main
002203,海亮股份,zz500,main
002223,鱼跃医疗,zz500,main
002244,滨江集团,zz500,main
002261,拓维信息,zz500,main
002262,恩华药业,zz500,main
002265,建设工业,zz500,main
002266,浙富控股,zz500,main
002271,东方雨虹,zz500,main
002273,水晶光电,zz500,main
002281,光迅科技,zz500,main
002294,信立泰,zz500,main
002299,圣农发展,zz500,main
002312,川发龙蟒,zz500,main
002318,久立特材,zz500,main
002335,科华数据,zz500,main
002340,格林美,zz500,main
002353,杰瑞股份,zz500,main
002372,伟星新材,zz500,main
002385,大北农,zz500,main
002402,和而泰,zz500,main
002409,雅克科技,zz500,main
002410,广联达,zz500,main
002414,高德红外,zz500,main
002423,中粮资本,zz500,main
002429,兆驰股份,zz500,main
002430,杭氧股份,zz500,main
002432,九安医疗,zz500,main
002436,兴森科技,zz500,main
002439,启明星辰,zz500,main
002444,巨星科技,zz500,main
002461,珠江啤酒,zz500,main
002465,海格通信,zz500,main
002472,双环传动,zz500,main
002500,山西证券,zz500,main
002508,老板电器,zz500,main
002517,恺英网络,zz500,main
002532,天山铝业,zz500,main
002558,巨人网络,zz500,main
002568,百润股份,zz500,main
002583,海能达,zz500,main
002595,豪迈科技,zz500,main
002603,以岭药业,zz500,main
002607,中公教育,zz500,main
002608,江苏国信,zz500,main
002624,完美世界,zz500,main
002670,国盛证券,zz500,main
002673,西部证券,zz500,main
002683,广东宏大,zz500,main
002738,中矿资源,zz500,main
002739,儒意电影,zz500,main
002756,永兴材料,zz500,main
002773,康弘药业,zz500,main
002797,第一创业,zz500,main
002821,凯莱英,zz500,main
002831,裕同科技,zz500,main
002837,英维克,zz500,main
002841,视源股份,zz500,main
002850,科达利,zz500,main
002851,麦格米特,zz500,main
002926,华西证券,zz500,main
002939,长城证券,zz500,main
002945,华林证券,zz500,main
002958,青农商行,zz500,main
002966,苏州银行,zz500,main
002984,森麒麟,zz500,main
003021,兆威机电,zz500,main
003022,联泓新科,zz500,main
003031,中瓷电子,zz500,main
003035,南网能源,zz500,main
300001,特锐德,zz500,chinext
300002,神州泰岳,zz500,chinext
300003,乐普医疗,zz500,chinext
300012,华测检测,zz500,chinext
300017,网宿科技,zz500,chinext
300024,机器人,zz500,chinext
300037,新宙邦,zz500,chinext
300054,鼎龙股份,zz500,chinext
300058,蓝色光标,zz500,chinext
300070,碧水源,zz500,chinext
300073,当升科技,zz500,chinext
300100,双林股份,zz500,chinext
300115,长盈精密,zz500,chinext
300136,信维通信,zz500,chinext
300140,节能环境,zz500,chinext
300142,沃森生物,zz500,chinext
300144,宋城演艺,zz500,chinext
300146,汤臣倍健,zz500,chinext
300207,欣旺达,zz500,chinext
300223,北京君正,zz500,chinext
300285,国瓷材料,zz500,chinext
300339,润和软件,zz500,chinext
300346,南大光电,zz500,chinext
300373,扬杰科技,zz500,chinext
300383,光环新网,zz500,chinext
300390,天华新能,zz500,chinext
300395,菲利华,zz500,chinext
300432,富临精工,zz500,chinext
300450,先导智能,zz500,chinext
300454,深信服,zz500,chinext
300458,全志科技,zz500,chinext
300474,景嘉微,zz500,chinext
300487,蓝晓科技,zz500,chinext
300496,中科创达,zz500,chinext
300529,健帆生物,zz500,chinext
300558,贝达药业,zz500,chinext
300567,精测电子,zz500,chinext
300570,太辰光,zz500,chinext
300601,康泰生物,zz500,chinext
300604,长川科技,zz500,chinext
300623,捷捷微电,zz500,chinext
300627,华测导航,zz500,chinext
300676,华大基因,zz500,chinext
300677,英科医疗,zz500,chinext
300679,电连技术,zz500,chinext
300699,光威复材,zz500,chinext
300718,长盛轴承,zz500,chinext
300724,捷佳伟创,zz500,chinext
300735,光弘科技,zz500,chinext
300748,金力永磁,zz500,chinext
300751,迈为股份,zz500,chinext
300757,罗博特科,zz500,chinext
300763,锦浪科技,zz500,chinext
300857,协创数据,zz500,chinext
300888,稳健医疗,zz500,chinext
300919,中伟新材,zz500,chinext
300957,贝泰妮,zz500,chinext
300972,万辰集团,zz500,chinext
301200,大族数控,zz500,chinext
301301,川宁生物,zz500,chinext
301308,江波龙,zz500,chinext
301358,湖南裕能,zz500,chinext
301498,乖宝宠物,zz500,chinext
301536,星宸科技,zz500,chinext
301611,珂玛科技,zz500,chinext
600004,白云机场,zz500,main
600007,中国国贸,zz500,main
600008,首创环保,zz500,main
600021,上海电力,zz500,main
600032,浙江新能,zz500,main
600038,中直股份,zz500,main
600060,海信视像,zz500,main
600062,华润双鹤,zz500,main
600095,湘财股份,zz500,main
600096,云天化,zz500,main
600098,广州发展,zz500,main
600109,国金证券,zz500,main
600118,中国卫星,zz500,main
600126,杭钢股份,zz500,main
600131,国网信通,zz500,main
600132,重庆啤酒,zz500,main
600141,兴发集团,zz500,main
600143,金发科技,zz500,main
600153,建发股份,zz500,main
600157,永泰能源,zz500,main
600166,福田汽车,zz500,main
600170,上海建工,zz500,main
600171,上海贝岭,zz500,main
600177,雅戈尔,zz500,main
600208,衢州发展,zz500,main
600282,南钢股份,zz500,main
600295,鄂尔多斯,zz500,main
600298,安琪酵母,zz500,main
600299,安迪苏,zz500,main
600312,平高电气,zz500,main
600316,洪都航空,zz500,main
600329,达仁堂,zz500,main
600332,白云山,zz500,main
600339,中油工程,zz500,main
600348,华阳股份,zz500,main
600352,浙江龙盛,zz500,main
600363,联创光电,zz500,main
600369,西南证券,zz500,main
600378,昊华科技,zz500,main
600380,健康元,zz500,main
600390,五矿资本,zz500,main
600392,盛和资源,zz500,main
600398,海澜之家,zz500,main
600435,北方导航,zz500,main
600483,福能股份,zz500,main
600486,扬农化工,zz500,main
600487,亨通光电,zz500,main
600497,驰宏锌锗,zz500,main
600498,烽火通信,zz500,main
600499,科达制造,zz500,main
600511,国药股份,zz500,main
600516,方大炭素,zz500,main
600517,国网英大,zz500,main
600521,华海药业,zz500,main
600528,中铁工业,zz500,main
600535,天士力,zz500,main
600536,中国软件,zz500,main
600546,山煤国际,zz500,main
600549,厦门钨业,zz500,main
600562,国睿科技,zz500,main
600563,法拉电子,zz500,main
600566,济川药业,zz500,main
600578,京能电力,zz500,main
600580,卧龙电驱,zz500,main
600582,天地科技,zz500,main
600583,海油工程,zz500,main
600598,北大荒,zz500,main
600601,方正科技,zz500,main
600602,云赛智联,zz500,main
600606,绿地控股,zz500,main
600637,东方明珠,zz500,main
600642,申能股份,zz500,main
600655,豫园股份,zz500,main
600663,陆家嘴,zz500,main
600673,东阳光,zz500,main
600685,中船防务,zz500,main
600688,上海石化,zz500,main
600699,均胜电子,zz500,main
600704,物产中大,zz500,main
600707,彩虹股份,zz500,main
600720,中交设计,zz500,main
600737,中粮糖业,zz500,main
600739,辽宁成大,zz500,main
600754,锦江酒店,zz500,main
600763,通策医疗,zz500,main
600764,中国海防,zz500,main
600765,中航重机,zz500,main
600801,华新建材,zz500,main
600808,马钢股份,zz500,main
600816,建元信托,zz500,main
600820,隧道股份,zz500,main
600848,上海临港,zz500,main
600862,中航高科,zz500,main
600863,华能蒙电,zz500,main
600871,石化油服,zz500,main
600873,梅花生物,zz500,main
600879,航天电子,zz500,main
600884,杉杉股份,zz500,main
600885,宏发股份,zz500,main
600901,江苏金租,zz500,main
600906,财达证券,zz500,main
600909,华安证券,zz500,main
600927,永安期货,zz500,main
600959,江苏有线,zz500,main
600967,内蒙一机,zz500,main
600968,海油发展,zz500,main
600970,中材国际,zz500,main
600977,中国电影,zz500,main
600985,淮北矿业,zz500,main
600988,赤峰黄金,zz500,main
600995,南网储能,zz500,main
600998,九州通,zz500,main
601000,唐山港,zz500,main
601001,晋控煤业,zz500,main
601016,节能风电,zz500,main
601019,山东出版,zz500,main
601061,中信金属,zz500,main
601098,中南传媒,zz500,main
601099,太平洋,zz500,main
601106,中国一重,zz500,main
601108,财通证券,zz500,main
601118,海南橡胶,zz500,main
601128,常熟银行,zz500,main
601139,深圳燃气,zz500,main
601155,新城控股,zz500,main
601156,东航物流,zz500,main
601162,天风证券,zz500,main
601168,西部矿业,zz500,main
601179,中国西电,zz500,main
601198,东兴证券,zz500,main
601212,白银有色,zz500,main
601216,君正集团,zz500,main
601228,广州港,zz500,main
601231,环旭电子,zz500,main
601233,桐昆股份,zz500,main
601333,广深铁路,zz500,main
601399,国机重装,zz500,main
601555,东吴证券,zz500,main
601567,三星电气,zz500,main
601577,长沙银行,zz500,main
601598,中国外运,zz500,main
601608,中信重工,zz500,main
601611,中国核建,zz500,main
601615,明阳智能,zz500,main
601665,齐鲁银行,zz500,main
601666,平煤股份,zz500,main
601696,中银证券,zz500,main
601699,潞安环能,zz500,main
601717,中创智领,zz500,main
601799,星宇股份,zz500,main
601865,福莱特,zz500,main
601866,中远海发,zz500,main
601880,辽港股份,zz500,main
601918,新集能源,zz500,main
601921,浙版传媒,zz500,main
601928,凤凰传媒,zz500,main
601958,金钼股份,zz500,main
601965,中国汽研,zz500,main
601966,玲珑轮胎,zz500,main
601990,南京证券,zz500,main
601991,大唐发电,zz500,main
601997,贵阳银行,zz500,main
603000,人民网,zz500,main
603049,中策橡胶,zz500,main
603077,和邦生物,zz500,main
603087,甘李药业,zz500,main
603129,春风动力,zz500,main
603156,养元饮品,zz500,main
603160,汇顶科技,zz500,main
603179,新泉股份,zz500,main
603225,新凤鸣,zz500,main
603228,景旺电子,zz500,main
603233,大参林,zz500,main
603290,斯达半导,zz500,main
603298,杭叉集团,zz500,main
603338,浙江鼎力,zz500,main
603341,龙旗科技,zz500,main
603345,安井食品,zz500,main
603379,三美股份,zz500,main
603444,吉比特,zz500,main
603486,科沃斯,zz500,main
603529,爱玛科技,zz500,main
603565,中谷物流,zz500,main
603568,伟明环保,zz500,main
603589,口子窖,zz500,main
603596,伯特利,zz500,main
603605,珀莱雅,zz500,main
603606,东方电缆,zz500,main
603650,彤程新材,zz500,main
603658,安图生物,zz500,main
603659,璞泰来,zz500,main
603688,石英股份,zz500,main
603699,纽威股份,zz500,main
603707,健友股份,zz500,main
603728,鸣志电器,zz500,main
603737,三棵树,zz500,main
603766,隆鑫通用,zz500,main
603786,科博达,zz500,main
603806,福斯特,zz500,main
603816,顾家家居,zz500,main
603833,欧派家居,zz500,main
603858,步长制药,zz500,main
603885,吉祥航空,zz500,main
603899,晨光股份,zz500,main
603920,世运电路,zz500,main
603927,中科软,zz500,main
603939,益丰药房,zz500,main
603979,金诚信,zz500,main
605358,立昂微,zz500,main
605589,圣泉集团,zz500,main
688002,睿创微纳,zz500,star
688017,绿的谐波,zz500,star
688018,乐鑫科技,zz500,star
688019,安集科技,zz500,star
688027,国盾量子,zz500,star
688037,芯源微,zz500,star
688052,纳芯微,zz500,star
688065,凯赛生物,zz500,star
688099,晶晨股份,zz500,star
688100,威胜信息,zz500,star
688114,华大智造,zz500,star
688120,华海清科,zz500,star
688122,西部超导,zz500,star
688166,博瑞医药,zz500,star
688172,燕东微,zz500,star
688180,君实生物,zz500,star
688183,生益电子,zz500,star
688188,柏楚电子,zz500,star
688192,迪哲医药,zz500,star
688213,思特威,zz500,star
688220,翱捷科技,zz500,star
688234,天岳先进,zz500,star
688235,百济神州,zz500,star
688248,南网科技,zz500,star
688266,泽璟制药,zz500,star
688278,特宝生物,zz500,star
688281,华秦科技,zz500,star
688295,中复神鹰,zz500,star
688297,中无人机,zz500,star
688301,奕瑞科技,zz500,star
688318,财富趋势,zz500,star
688322,奥比中光,zz500,star
688336,三生国健,zz500,star
688347,华虹公司,zz500,star
688349,三一重能,zz500,star
688361,中科飞测,zz500,star
688363,华熙生物,zz500,star
688375,国博电子,zz500,star
688385,复旦微电,zz500,star
688387,信科移动,zz500,star
688425,铁建重工,zz500,star
688469,芯联集成,zz500,star
688475,萤石网络,zz500,star
688520,神州细胞,zz500,star
688525,佰维存储,zz500,star
688538,和辉光电,zz500,star
688561,奇安信,zz500,star
688563,航材股份,zz500,star
688568,中科星图,zz500,star
688578,艾力斯,zz500,star
688582,芯动联科,zz500,star
688599,天合光能,zz500,star
688608,恒玄科技,zz500,star
688615,合合信息,zz500,star
688617,惠泰医疗,zz500,star
688629,华丰科技,zz500,star
688676,金盘科技,zz500,star
688692,达梦数据,zz500,star
688702,盛科通信,zz500,star
688709,成都华微,zz500,star
688728,格科微,zz500,star
688772,珠海冠宇,zz500,star
688777,中控技术,zz500,star
688778,厦钨新能,zz500,star
688819,天能股份,zz500,star
689009,九号公司,zz500,star
